SYMBOL,DATE1,LAST_PRICE
21STCENMGM,26-Oct-2023,18.50
360ONE,26-Oct-2023,518.00
3IINFOLTD,26-Oct-2023,35.55
3MINDIA,26-Oct-2023,28980.00
3PLAND,26-Oct-2023,24.45
5PAISA,26-Oct-2023,421.75
63MOONS,26-Oct-2023,264.00
AAATECH,26-Oct-2023,59.20
AAKASH,26-Oct-2023,6.10
AARON,26-Oct-2023,291.95
AARTIDRUGS,26-Oct-2023,476.75
AARTIIND,26-Oct-2023,443.90
AARTIPHARM,26-Oct-2023,387.05
AARTISURF,26-Oct-2023,589.00
AARVEEDEN,26-Oct-2023,23.55
AARVI,26-Oct-2023,131.00
AAVAS,26-Oct-2023,1578.65
ABB,26-Oct-2023,3955.50
ABBOTINDIA,26-Oct-2023,22274.00
ABCAPITAL,26-Oct-2023,170.30
ABFRL,26-Oct-2023,214.95
ABMINTLLTD,26-Oct-2023,45.30
ABSLAMC,26-Oct-2023,445.05
ABSLBANETF,26-Oct-2023,43.00
ABSLLIQUID,26-Oct-2023,1000.00
ABSLNN50ET,26-Oct-2023,44.50
ACC,26-Oct-2023,1913.00
ACCELYA,26-Oct-2023,1400.00
ACE,26-Oct-2023,715.00
ACEINTEG,26-Oct-2023,33.40
ACI,26-Oct-2023,590.00
ACL,26-Oct-2023,94.10
ADANIENSOL,26-Oct-2023,743.50
ADANIENT,26-Oct-2023,2208.00
ADANIGREEN,26-Oct-2023,852.90
ADANIPORTS,26-Oct-2023,771.75
ADANIPOWER,26-Oct-2023,330.05
ADFFOODS,26-Oct-2023,223.10
ADORWELD,26-Oct-2023,1177.40
ADSL,26-Oct-2023,114.50
ADVANIHOTR,26-Oct-2023,97.90
ADVENZYMES,26-Oct-2023,295.00
AEGISCHEM,26-Oct-2023,289.05
AEROFLEX,26-Oct-2023,150.25
AETHER,26-Oct-2023,860.05
AFFLE,26-Oct-2023,1017.90
AGARIND,26-Oct-2023,887.00
AGI,26-Oct-2023,915.00
AGROPHOS,26-Oct-2023,34.20
AGSTRA,26-Oct-2023,60.20
AHL,26-Oct-2023,297.50
AHLADA,26-Oct-2023,108.20
AHLEAST,26-Oct-2023,128.40
AHLUCONT,26-Oct-2023,660.45
AIAENG,26-Oct-2023,3450.05
AJANTPHARM,26-Oct-2023,1688.00
AJMERA,26-Oct-2023,383.00
AJOONI,26-Oct-2023,4.25
AKASH,26-Oct-2023,28.20
AKG,26-Oct-2023,23.75
AKSHAR,26-Oct-2023,7.20
AKSHARCHEM,26-Oct-2023,250.00
AKZOINDIA,26-Oct-2023,2412.00
ALANKIT,26-Oct-2023,9.90
ALBERTDAVD,26-Oct-2023,800.00
ALEMBICLTD,26-Oct-2023,79.00
ALICON,26-Oct-2023,805.10
ALKALI,26-Oct-2023,108.25
ALKEM,26-Oct-2023,3570.00
ALKYLAMINE,26-Oct-2023,2165.00
ALLCARGO,26-Oct-2023,251.00
ALLSEC,26-Oct-2023,632.00
ALMONDZ,26-Oct-2023,82.00
ALOKINDS,26-Oct-2023,17.00
ALPA,26-Oct-2023,72.00
ALPHAGEO,26-Oct-2023,286.75
AMARAJABAT,26-Oct-2023,608.00
AMBER,26-Oct-2023,2940.00
AMBIKCO,26-Oct-2023,1508.70
AMBUJACEM,26-Oct-2023,421.00
AMDIND,26-Oct-2023,64.20
AMIORG,26-Oct-2023,1142.00
AMJLAND,26-Oct-2023,29.95
AMRUTANJAN,26-Oct-2023,580.35
ANANDRATHI,26-Oct-2023,1820.00
ANANTRAJ,26-Oct-2023,229.95
ANDHRAPAP,26-Oct-2023,584.50
ANDHRSUGAR,26-Oct-2023,108.30
ANGELONE,26-Oct-2023,2406.65
ANMOL,26-Oct-2023,44.50
ANUP,26-Oct-2023,2014.00
ANURAS,26-Oct-2023,843.30
APARINDS,26-Oct-2023,5180.00
APCL,26-Oct-2023,192.70
APCOTEXIND,26-Oct-2023,487.00
APEX,26-Oct-2023,205.20
APLAPOLLO,26-Oct-2023,1600.00
APLLTD,26-Oct-2023,749.40
APOLLO,26-Oct-2023,73.95
APOLLOHOSP,26-Oct-2023,4770.00
APOLLOPIPE,26-Oct-2023,672.00
APOLLOTYRE,26-Oct-2023,371.75
APOLSINHOT,26-Oct-2023,1695.00
APTECHT,26-Oct-2023,257.40
APTUS,26-Oct-2023,282.50
ARCHIDPLY,26-Oct-2023,85.35
ARCHIES,26-Oct-2023,22.95
ARIES,26-Oct-2023,164.10
ARIHANTCAP,26-Oct-2023,69.25
ARIHANTSUP,26-Oct-2023,168.50
ARMANFIN,26-Oct-2023,2245.00
ARROWGREEN,26-Oct-2023,379.00
ARTEMISMED,26-Oct-2023,148.55
ARTNIRMAN,26-Oct-2023,49.75
ARVEE,26-Oct-2023,116.20
ARVIND,26-Oct-2023,170.25
ARVINDFASN,26-Oct-2023,328.00
ARVSMART,26-Oct-2023,318.50
ASAHIINDIA,26-Oct-2023,544.75
ASAHISONG,26-Oct-2023,245.95
ASAL,26-Oct-2023,390.05
ASALCBR,26-Oct-2023,439.40
ASHIANA,26-Oct-2023,212.00
ASHIMASYN,26-Oct-2023,14.65
ASHOKA,26-Oct-2023,131.00
ASHOKAMET,26-Oct-2023,18.55
ASHOKLEY,26-Oct-2023,166.60
ASIANENE,26-Oct-2023,179.00
ASIANHOTNR,26-Oct-2023,147.90
ASIANPAINT,26-Oct-2023,2951.00
ASIANTILES,26-Oct-2023,78.00
ASPINWALL,26-Oct-2023,232.50
ASTEC,26-Oct-2023,1183.95
ASTERDM,26-Oct-2023,333.95
ASTRAL,26-Oct-2023,1791.00
ASTRAMICRO,26-Oct-2023,455.80
ASTRAZEN,26-Oct-2023,4598.00
ATAM,26-Oct-2023,171.90
ATFL,26-Oct-2023,767.00
ATGL,26-Oct-2023,534.70
ATL,26-Oct-2023,39.20
ATUL,26-Oct-2023,6228.00
ATULAUTO,26-Oct-2023,614.00
AUBANK,26-Oct-2023,686.50
AUROPHARMA,26-Oct-2023,855.60
AURUM,26-Oct-2023,125.00
AUTOAXLES,26-Oct-2023,2166.00
AUTOBEES,26-Oct-2023,162.93
AVADHSUGAR,26-Oct-2023,689.60
AVALON,26-Oct-2023,490.20
AVANTIFEED,26-Oct-2023,400.00
AVG,26-Oct-2023,269.00
AVROIND,26-Oct-2023,106.50
AVTNPL,26-Oct-2023,83.85
AWHCL,26-Oct-2023,392.00
AWL,26-Oct-2023,317.70
AXISBANK,26-Oct-2023,973.55
AXISBNKETF,26-Oct-2023,430.23
AXISBPSETF,26-Oct-2023,11.25
AXISCADES,26-Oct-2023,516.00
AXISCETF,26-Oct-2023,84.45
AXISGOLD,26-Oct-2023,51.87
AXISHCETF,26-Oct-2023,92.90
AXISILVER,26-Oct-2023,72.90
AXISNIFTY,26-Oct-2023,203.21
AXISTECETF,26-Oct-2023,327.90
AXSENSEX,26-Oct-2023,64.99
AYMSYNTEX,26-Oct-2023,66.90
BAJAJ-AUTO,26-Oct-2023,5255.15
BAJAJCON,26-Oct-2023,238.85
BAJAJELEC,26-Oct-2023,1010.00
BAJAJFINSV,26-Oct-2023,1558.80
BAJAJHCARE,26-Oct-2023,401.00
BAJAJHIND,26-Oct-2023,25.70
BAJAJHLDNG,26-Oct-2023,6650.30
BAJFINANCE,26-Oct-2023,7409.00
BALAJITELE,26-Oct-2023,63.55
BALAMINES,26-Oct-2023,2032.00
BALAXI,26-Oct-2023,419.80
BALKRISHNA,26-Oct-2023,28.95
BALKRISIND,26-Oct-2023,2556.00
BALMLAWRIE,26-Oct-2023,137.25
BALPHARMA,26-Oct-2023,84.00
BALRAMCHIN,26-Oct-2023,402.80
BANARBEADS,26-Oct-2023,90.50
BANARISUG,26-Oct-2023,2565.00
BANCOINDIA,26-Oct-2023,448.00
BANDHANBNK,26-Oct-2023,212.05
BANG,26-Oct-2023,43.55
BANKA,26-Oct-2023,67.70
BANKBARODA,26-Oct-2023,190.00
BANKBEES,26-Oct-2023,433.09
BANKETF,26-Oct-2023,454.20
BANKINDIA,26-Oct-2023,90.35
BANSWRAS,26-Oct-2023,149.00
BARBEQUE,26-Oct-2023,662.00
BASF,26-Oct-2023,2500.00
BASML,26-Oct-2023,42.95
BATAINDIA,26-Oct-2023,1551.95
BAYERCROP,26-Oct-2023,4918.00
BBETF0432,26-Oct-2023,1084.00
BBL,26-Oct-2023,3701.05
BBOX,26-Oct-2023,221.45
BBTC,26-Oct-2023,1407.00
BBTCL,26-Oct-2023,246.75
BCG,26-Oct-2023,16.00
BCLIND,26-Oct-2023,511.50
BDL,26-Oct-2023,958.55
BECTORFOOD,26-Oct-2023,1075.00
BEL,26-Oct-2023,129.30
BEML,26-Oct-2023,1979.95
BEPL,26-Oct-2023,88.20
BERGEPAINT,26-Oct-2023,536.50
BFINVEST,26-Oct-2023,466.90
BFSI,26-Oct-2023,19.25
BFUTILITIE,26-Oct-2023,571.65
BGRENERGY,26-Oct-2023,75.10
BHAGCHEM,26-Oct-2023,1457.00
BHAGERIA,26-Oct-2023,148.05
BHARATFORG,26-Oct-2023,1019.45
BHARATGEAR,26-Oct-2023,113.40
BHARATRAS,26-Oct-2023,8725.10
BHARATWIRE,26-Oct-2023,241.20
BHARTIARTL,26-Oct-2023,908.00
BHEL,26-Oct-2023,117.95
BIGBLOC,26-Oct-2023,152.50
BIKAJI,26-Oct-2023,458.00
BIL,26-Oct-2023,234.40
BIOCON,26-Oct-2023,223.75
BIOFILCHEM,26-Oct-2023,46.80
BIRLACABLE,26-Oct-2023,299.50
BIRLACORPN,26-Oct-2023,1208.70
BIRLAMONEY,26-Oct-2023,94.50
BLAL,26-Oct-2023,156.35
BLBLIMITED,26-Oct-2023,21.25
BLISSGVS,26-Oct-2023,80.55
BLKASHYAP,26-Oct-2023,63.60
BLS,26-Oct-2023,234.85
BLUEDART,26-Oct-2023,6449.85
BLUESTARCO,26-Oct-2023,859.95
BODALCHEM,26-Oct-2023,75.00
BOMDYEING,26-Oct-2023,147.95
BOROLTD,26-Oct-2023,391.00
BORORENEW,26-Oct-2023,399.00
BOSCHLTD,26-Oct-2023,19739.60
BPCL,26-Oct-2023,335.10
BRIGADE,26-Oct-2023,596.30
BRITANNIA,26-Oct-2023,4509.85
BRNL,26-Oct-2023,39.00
BSE,26-Oct-2023,1824.00
BSHSL,26-Oct-2023,215.10
BSL,26-Oct-2023,175.90
BSLGOLDETF,26-Oct-2023,54.75
BSLNIFTY,26-Oct-2023,21.50
BSLSENETFG,26-Oct-2023,61.85
BSOFT,26-Oct-2023,530.10
BTML,26-Oct-2023,159.90
BURNPUR,26-Oct-2023,4.80
BUTTERFLY,26-Oct-2023,1170.10
CALSOFT,26-Oct-2023,12.50
CAMLINFINE,26-Oct-2023,147.00
CAMPUS,26-Oct-2023,269.40
CAMS,26-Oct-2023,2305.00
CANBK,26-Oct-2023,360.00
CANFINHOME,26-Oct-2023,718.15
CANTABIL,26-Oct-2023,1051.20
CAPACITE,26-Oct-2023,197.60
CAPLIPOINT,26-Oct-2023,984.00
CAPTRUST,26-Oct-2023,88.40
CARBORUNIV,26-Oct-2023,1096.70
CARERATING,26-Oct-2023,899.85
CARTRADE,26-Oct-2023,640.40
CARYSIL,26-Oct-2023,630.00
CASTROLIND,26-Oct-2023,135.00
CCL,26-Oct-2023,612.15
CDSL,26-Oct-2023,1300.00
CEATLTD,26-Oct-2023,2115.00
CELEBRITY,26-Oct-2023,18.15
CENTENKA,26-Oct-2023,429.90
CENTRALBK,26-Oct-2023,43.80
CENTRUM,26-Oct-2023,21.65
CENTURYPLY,26-Oct-2023,600.10
CENTURYTEX,26-Oct-2023,1082.55
CERA,26-Oct-2023,8580.00
CESC,26-Oct-2023,83.55
CGCL,26-Oct-2023,765.00
CGPOWER,26-Oct-2023,373.00
CHALET,26-Oct-2023,558.75
CHAMBLFERT,26-Oct-2023,269.60
CHEMBOND,26-Oct-2023,361.00
CHEMCON,26-Oct-2023,258.50
CHEMFAB,26-Oct-2023,370.60
CHEMPLASTS,26-Oct-2023,447.00
CHENNPETRO,26-Oct-2023,522.00
CHEVIOT,26-Oct-2023,1216.00
CHOICEIN,26-Oct-2023,398.85
CHOLAFIN,26-Oct-2023,1136.95
CHOLAHLDNG,26-Oct-2023,1083.00
CIEINDIA,26-Oct-2023,452.20
CIGNITITEC,26-Oct-2023,988.10
CIPLA,26-Oct-2023,1152.00
CLEAN,26-Oct-2023,1320.00
CLEDUCATE,26-Oct-2023,75.00
CLSEL,26-Oct-2023,201.00
CMSINFO,26-Oct-2023,358.00
COALINDIA,26-Oct-2023,305.40
COASTCORP,26-Oct-2023,248.60
COCHINSHIP,26-Oct-2023,941.00
COFFEEDAY,26-Oct-2023,46.25
COFORGE,26-Oct-2023,4898.00
COLPAL,26-Oct-2023,2039.00
COMPINFO,26-Oct-2023,11.55
COMPUSOFT,26-Oct-2023,20.20
CONCOR,26-Oct-2023,698.90
CONCORDBIO,26-Oct-2023,1165.00
CONFIPET,26-Oct-2023,76.65
CONSOFINVT,26-Oct-2023,164.00
CONSUMBEES,26-Oct-2023,90.67
CONTROLPR,26-Oct-2023,864.00
CORALFINAC,26-Oct-2023,39.05
CORDSCABLE,26-Oct-2023,107.75
COROMANDEL,26-Oct-2023,1073.00
COSMOFIRST,26-Oct-2023,634.20
COUNCODOS,26-Oct-2023,4.20
CPSEETF,26-Oct-2023,52.23
CRAFTSMAN,26-Oct-2023,4400.00
CREATIVE,26-Oct-2023,528.00
CREATIVEYE,26-Oct-2023,3.90
CREDITACC,26-Oct-2023,1553.00
CREST,26-Oct-2023,238.00
CRISIL,26-Oct-2023,3855.00
CROMPTON,26-Oct-2023,287.40
CROWN,26-Oct-2023,58.10
CSBBANK,26-Oct-2023,318.50
CSLFINANCE,26-Oct-2023,319.00
CTE,26-Oct-2023,60.25
CUB,26-Oct-2023,129.80
CUBEXTUB,26-Oct-2023,48.50
CUMMINSIND,26-Oct-2023,1681.00
CUPID,26-Oct-2023,522.00
CYBERTECH,26-Oct-2023,144.30
CYIENT,26-Oct-2023,1599.25
CYIENTDLM,26-Oct-2023,646.50
DAAWAT,26-Oct-2023,160.00
DABUR,26-Oct-2023,511.00
DALBHARAT,26-Oct-2023,2026.65
DALMIASUG,26-Oct-2023,416.00
DAMODARIND,26-Oct-2023,46.30
DATAMATICS,26-Oct-2023,605.00
DATAPATTNS,26-Oct-2023,1888.05
DBCORP,26-Oct-2023,303.65
DBL,26-Oct-2023,301.45
DBOL,26-Oct-2023,152.70
DBREALTY,26-Oct-2023,149.60
DCAL,26-Oct-2023,141.90
DCBBANK,26-Oct-2023,112.90
DCMNVL,26-Oct-2023,156.85
DCMSHRIRAM,26-Oct-2023,964.00
DCMSRIND,26-Oct-2023,122.15
DCW,26-Oct-2023,52.90
DCXINDIA,26-Oct-2023,277.00
DECCANCE,26-Oct-2023,503.95
DEEPAKFERT,26-Oct-2023,617.00
DEEPAKNTR,26-Oct-2023,1954.00
DEEPINDS,26-Oct-2023,250.15
DELHIVERY,26-Oct-2023,407.70
DELPHIFX,26-Oct-2023,325.90
DELTACORP,26-Oct-2023,127.40
DEN,26-Oct-2023,44.80
DENORA,26-Oct-2023,1463.00
DEVIT,26-Oct-2023,138.15
DEVYANI,26-Oct-2023,184.85
DGCONTENT,26-Oct-2023,19.25
DHAMPURSUG,26-Oct-2023,261.00
DHANBANK,26-Oct-2023,29.10
DHANUKA,26-Oct-2023,812.00
DHARMAJ,26-Oct-2023,243.90
DHRUV,26-Oct-2023,57.75
DHUNINV,26-Oct-2023,851.95
DIAMINESQ,26-Oct-2023,489.00
DIAMONDYD,26-Oct-2023,810.00
DICIND,26-Oct-2023,418.10
DISHTV,26-Oct-2023,16.30
DIVGIITTS,26-Oct-2023,1067.00
DIVISLAB,26-Oct-2023,3407.00
DIVOPPBEES,26-Oct-2023,56.71
DIXON,26-Oct-2023,5356.05
DJML,26-Oct-2023,146.40
DLF,26-Oct-2023,522.80
DLINKINDIA,26-Oct-2023,297.00
DMART,26-Oct-2023,3700.00
DMCC,26-Oct-2023,279.00
DODLA,26-Oct-2023,700.00
DOLATALGO,26-Oct-2023,56.75
DOLLAR,26-Oct-2023,403.90
DONEAR,26-Oct-2023,96.15
DPABHUSHAN,26-Oct-2023,515.55
DPSCLTD,26-Oct-2023,15.00
DPWIRES,26-Oct-2023,591.00
DRCSYSTEMS,26-Oct-2023,39.60
DREAMFOLKS,26-Oct-2023,489.40
DREDGECORP,26-Oct-2023,441.60
DRREDDY,26-Oct-2023,5423.90
DSPBANKETF,26-Oct-2023,42.70
DSPGOLDETF,26-Oct-2023,60.50
DSPITETF,26-Oct-2023,32.80
DSPN50ETF,26-Oct-2023,192.76
DSPNEWETF,26-Oct-2023,231.25
DSPPSBKETF,26-Oct-2023,47.11
DSPPVBKETF,26-Oct-2023,23.25
DSPQ50ETF,26-Oct-2023,182.93
DSPSENXETF,26-Oct-2023,63.42
DSPSILVETF,26-Oct-2023,71.00
DSSL,26-Oct-2023,654.00
DTIL,26-Oct-2023,211.40
DVL,26-Oct-2023,280.10
DWARKESH,26-Oct-2023,93.20
DYNAMATECH,26-Oct-2023,3909.95
DYNPRO,26-Oct-2023,301.10
EASEMYTRIP,26-Oct-2023,38.55
EBBETF0425,26-Oct-2023,1157.20
EBBETF0430,26-Oct-2023,1297.57
EBBETF0431,26-Oct-2023,1156.61
EBBETF0433,26-Oct-2023,1054.98
ECLERX,26-Oct-2023,1908.95
EDELWEISS,26-Oct-2023,62.20
EICHERMOT,26-Oct-2023,3325.00
EIDPARRY,26-Oct-2023,465.50
EIFFL,26-Oct-2023,139.50
EIHAHOTELS,26-Oct-2023,437.80
EIHOTEL,26-Oct-2023,215.00
EIMCOELECO,26-Oct-2023,1393.00
EKC,26-Oct-2023,111.95
ELDEHSG,26-Oct-2023,700.05
ELECON,26-Oct-2023,775.00
ELECTCAST,26-Oct-2023,80.20
ELGIEQUIP,26-Oct-2023,472.00
ELIN,26-Oct-2023,162.95
EMAMILTD,26-Oct-2023,499.00
EMAMIPAP,26-Oct-2023,131.90
EMAMIREAL,26-Oct-2023,85.00
EMIL,26-Oct-2023,163.10
EMKAY,26-Oct-2023,90.05
EMMBI,26-Oct-2023,108.75
EMSLIMITED,26-Oct-2023,286.00
EMUDHRA,26-Oct-2023,430.70
ENDURANCE,26-Oct-2023,1585.00
ENERGYDEV,26-Oct-2023,17.50
ENGINERSIN,26-Oct-2023,118.75
ENIL,26-Oct-2023,170.00
EPIGRAL,26-Oct-2023,900.00
EPL,26-Oct-2023,182.80
EQUITASBNK,26-Oct-2023,93.40
ERIS,26-Oct-2023,814.05
EROSMEDIA,26-Oct-2023,18.30
ESABINDIA,26-Oct-2023,5537.00
ESCORTS,26-Oct-2023,3130.00
ESG,26-Oct-2023,30.96
ESTER,26-Oct-2023,90.90
ETHOSLTD,26-Oct-2023,1635.80
EVEREADY,26-Oct-2023,348.00
EVERESTIND,26-Oct-2023,1207.00
EXCELINDUS,26-Oct-2023,841.00
EXIDEIND,26-Oct-2023,246.00
EXPLEOSOL,26-Oct-2023,1320.00
EXXARO,26-Oct-2023,125.00
FACT,26-Oct-2023,655.00
FAIRCHEMOR,26-Oct-2023,1049.50
FAZE3Q,26-Oct-2023,474.00
FCL,26-Oct-2023,293.10
FCSSOFT,26-Oct-2023,2.55
FDC,26-Oct-2023,354.20
FEDERALBNK,26-Oct-2023,138.15
FIBERWEB,26-Oct-2023,30.30
FIEMIND,26-Oct-2023,1695.00
FILATEX,26-Oct-2023,47.40
FINCABLES,26-Oct-2023,850.65
FINEORG,26-Oct-2023,4490.00
FINOPB,26-Oct-2023,288.50
FINPIPE,26-Oct-2023,192.90
FIVESTAR,26-Oct-2023,712.00
FLUOROCHEM,26-Oct-2023,2761.00
FMGOETZE,26-Oct-2023,337.00
FOCUS,26-Oct-2023,160.00
FOODSIN,26-Oct-2023,179.70
FORTIS,26-Oct-2023,318.90
FOSECOIND,26-Oct-2023,3216.00
FSL,26-Oct-2023,152.65
FUSION,26-Oct-2023,567.00
GABRIEL,26-Oct-2023,323.00
GAEL,26-Oct-2023,332.00
GAIL,26-Oct-2023,119.20
GALAXYSURF,26-Oct-2023,2580.00
GALLANTT,26-Oct-2023,83.00
GANDHITUBE,26-Oct-2023,681.10
GANECOS,26-Oct-2023,920.00
GANESHBE,26-Oct-2023,137.00
GANESHHOUC,26-Oct-2023,380.65
GANGESSECU,26-Oct-2023,110.95
GARFIBRES,26-Oct-2023,3105.00
GATEWAY,26-Oct-2023,89.00
GATI,26-Oct-2023,141.90
GEECEE,26-Oct-2023,187.50
GENCON,26-Oct-2023,54.90
GENESYS,26-Oct-2023,316.00
GENSOL,26-Oct-2023,864.80
GENUSPAPER,26-Oct-2023,18.50
GENUSPOWER,26-Oct-2023,254.50
GEOJITFSL,26-Oct-2023,53.90
GEPIL,26-Oct-2023,169.50
GESHIP,26-Oct-2023,795.90
GFLLIMITED,26-Oct-2023,93.80
GHCL,26-Oct-2023,575.05
GHCLTEXTIL,26-Oct-2023,72.80
GICHSGFIN,26-Oct-2023,190.95
GICRE,26-Oct-2023,217.75
GILLETTE,26-Oct-2023,6138.95
GILT5YBEES,26-Oct-2023,53.08
GIPCL,26-Oct-2023,151.80
GKWLIMITED,26-Oct-2023,1531.00
GLAND,26-Oct-2023,1535.05
GLAXO,26-Oct-2023,1449.55
GLENMARK,26-Oct-2023,747.35
GLFL,26-Oct-2023,4.25
GLOBAL,26-Oct-2023,183.00
GLOBALVECT,26-Oct-2023,85.90
GLOBUSSPR,26-Oct-2023,795.00
GLS,26-Oct-2023,618.90
GMBREW,26-Oct-2023,630.00
GMDCLTD,26-Oct-2023,362.60
GMMPFAUDLR,26-Oct-2023,1650.00
GMRINFRA,26-Oct-2023,54.00
GMRP&UI,26-Oct-2023,30.70
GNA,26-Oct-2023,430.75
GNFC,26-Oct-2023,649.70
GOACARBON,26-Oct-2023,499.90
GOCLCORP,26-Oct-2023,594.50
GOCOLORS,26-Oct-2023,1264.45
GODFRYPHLP,26-Oct-2023,2108.05
GODREJAGRO,26-Oct-2023,462.60
GODREJCP,26-Oct-2023,962.45
GODREJIND,26-Oct-2023,618.05
GODREJPROP,26-Oct-2023,1579.60
GOKEX,26-Oct-2023,827.85
GOKUL,26-Oct-2023,38.35
GOKULAGRO,26-Oct-2023,109.00
GOLDBEES,26-Oct-2023,51.84
GOLDETF,26-Oct-2023,61.80
GOLDIAM,26-Oct-2023,127.40
GOLDSHARE,26-Oct-2023,51.90
GOODLUCK,26-Oct-2023,772.00
GPIL,26-Oct-2023,601.00
GPPL,26-Oct-2023,121.40
GRANULES,26-Oct-2023,323.95
GRAPHITE,26-Oct-2023,458.20
GRASIM,26-Oct-2023,1853.50
GRAVITA,26-Oct-2023,950.00
GREAVESCOT,26-Oct-2023,125.50
GREENLAM,26-Oct-2023,414.05
GREENPANEL,26-Oct-2023,347.05
GREENPLY,26-Oct-2023,158.25
GRINDWELL,26-Oct-2023,1995.00
GRINFRA,26-Oct-2023,1120.00
GRMOVER,26-Oct-2023,188.05
GROBTEA,26-Oct-2023,860.00
GRPLTD,26-Oct-2023,3800.00
GRSE,26-Oct-2023,749.15
GRWRHITECH,26-Oct-2023,1417.95
GSEC10YEAR,26-Oct-2023,25.25
GSFC,26-Oct-2023,190.45
GSLSU,26-Oct-2023,204.65
GSPL,26-Oct-2023,274.90
GSS,26-Oct-2023,195.00
GTLINFRA,26-Oct-2023,0.90
GTPL,26-Oct-2023,153.00
GUFICBIO,26-Oct-2023,248.80
GUJALKALI,26-Oct-2023,698.10
GUJGASLTD,26-Oct-2023,404.60
GULFOILLUB,26-Oct-2023,574.95
GULPOLY,26-Oct-2023,204.50
HAL,26-Oct-2023,1822.00
HAPPSTMNDS,26-Oct-2023,813.00
HARDWYN,26-Oct-2023,36.85
HARIOMPIPE,26-Oct-2023,619.00
HARRMALAYA,26-Oct-2023,138.60
HARSHA,26-Oct-2023,380.00
HATHWAY,26-Oct-2023,17.80
HATSUN,26-Oct-2023,1130.00
HAVELLS,26-Oct-2023,1270.95
HBLPOWER,26-Oct-2023,271.55
HBSL,26-Oct-2023,51.95
HCC,26-Oct-2023,25.00
HCG,26-Oct-2023,360.00
HCLTECH,26-Oct-2023,1230.85
HDFCAMC,26-Oct-2023,2720.00
HDFCBANK,26-Oct-2023,1462.45
HDFCBSE500,26-Oct-2023,27.93
HDFCGOLD,26-Oct-2023,53.43
HDFCGROWTH,26-Oct-2023,97.16
HDFCLIFE,26-Oct-2023,607.20
HDFCLIQUID,26-Oct-2023,999.99
HDFCLOWVOL,26-Oct-2023,14.90
HDFCMID150,26-Oct-2023,14.99
HDFCMOMENT,26-Oct-2023,22.60
HDFCNEXT50,26-Oct-2023,45.80
HDFCNIF100,26-Oct-2023,19.79
HDFCNIFBAN,26-Oct-2023,445.00
HDFCNIFIT,26-Oct-2023,309.99
HDFCNIFTY,26-Oct-2023,206.70
HDFCPVTBAN,26-Oct-2023,221.13
HDFCQUAL,26-Oct-2023,44.05
HDFCSENSEX,26-Oct-2023,703.39
HDFCSILVER,26-Oct-2023,70.45
HDFCSML250,26-Oct-2023,119.95
HDFCVALUE,26-Oct-2023,105.90
HEADSUP,26-Oct-2023,12.25
HEALTHY,26-Oct-2023,9.76
HECPROJECT,26-Oct-2023,46.05
HEG,26-Oct-2023,1575.00
HEIDELBERG,26-Oct-2023,184.20
HEMIPROP,26-Oct-2023,132.70
HERANBA,26-Oct-2023,349.50
HERCULES,26-Oct-2023,298.00
HERITGFOOD,26-Oct-2023,211.85
HEROMOTOCO,26-Oct-2023,3119.20
HESTERBIO,26-Oct-2023,1655.50
HEUBACHIND,26-Oct-2023,422.00
HEXATRADEX,26-Oct-2023,143.20
HFCL,26-Oct-2023,63.35
HGINFRA,26-Oct-2023,904.00
HGS,26-Oct-2023,941.35
HIKAL,26-Oct-2023,270.00
HIL,26-Oct-2023,2754.90
HILTON,26-Oct-2023,143.10
HIMATSEIDE,26-Oct-2023,135.80
HINDALCO,26-Oct-2023,457.00
HINDCOMPOS,26-Oct-2023,396.00
HINDCOPPER,26-Oct-2023,140.50
HINDMOTORS,26-Oct-2023,15.40
HINDOILEXP,26-Oct-2023,162.40
HINDPETRO,26-Oct-2023,242.45
HINDUNILVR,26-Oct-2023,2470.45
HINDWAREAP,26-Oct-2023,490.00
HINDZINC,26-Oct-2023,294.90
HIRECT,26-Oct-2023,411.00
HITECH,26-Oct-2023,95.55
HITECHCORP,26-Oct-2023,263.00
HITECHGEAR,26-Oct-2023,381.95
HLEGLAS,26-Oct-2023,500.00
HLVLTD,26-Oct-2023,19.20
HMAAGRO,26-Oct-2023,673.95
HMVL,26-Oct-2023,78.90
HNDFDS,26-Oct-2023,519.50
HNGSNGBEES,26-Oct-2023,258.25
HOMEFIRST,26-Oct-2023,904.10
HONAUT,26-Oct-2023,36207.60
HONDAPOWER,26-Oct-2023,2751.05
HOVS,26-Oct-2023,52.00
HPAL,26-Oct-2023,441.00
HPL,26-Oct-2023,188.20
HSCL,26-Oct-2023,234.80
HTMEDIA,26-Oct-2023,24.40
HUBTOWN,26-Oct-2023,52.85
HUDCO,26-Oct-2023,74.25
HUHTAMAKI,26-Oct-2023,290.00
IBREALEST,26-Oct-2023,71.25
IBULHSGFIN,26-Oct-2023,154.30
ICEMAKE,26-Oct-2023,649.90
ICICI10GS,26-Oct-2023,216.80
ICICI500,26-Oct-2023,27.83
ICICI5GSEC,26-Oct-2023,53.18
ICICIALPLV,26-Oct-2023,198.00
ICICIAUTO,26-Oct-2023,162.10
ICICIB22,26-Oct-2023,73.00
ICICIBANK,26-Oct-2023,910.00
ICICIBANKN,26-Oct-2023,42.80
ICICIBANKP,26-Oct-2023,220.00
ICICICOMMO,26-Oct-2023,61.51
ICICICONSU,26-Oct-2023,83.66
ICICIFIN,26-Oct-2023,20.00
ICICIFMCG,26-Oct-2023,527.00
ICICIGI,26-Oct-2023,1360.00
ICICIGOLD,26-Oct-2023,53.20
ICICIINFRA,26-Oct-2023,60.86
ICICILIQ,26-Oct-2023,999.77
ICICILOVOL,26-Oct-2023,159.11
ICICIM150,26-Oct-2023,146.25
ICICIMCAP,26-Oct-2023,116.00
ICICIMOM30,26-Oct-2023,22.31
ICICINF100,26-Oct-2023,207.26
ICICINIFTY,26-Oct-2023,207.83
ICICINV20,26-Oct-2023,110.79
ICICINXT50,26-Oct-2023,44.74
ICICIPHARM,26-Oct-2023,93.55
ICICIPRULI,26-Oct-2023,512.00
ICICIQTY30,26-Oct-2023,159.68
ICICISENSX,26-Oct-2023,707.00
ICICISILVE,26-Oct-2023,73.09
ICICITECH,26-Oct-2023,32.21
ICIL,26-Oct-2023,242.20
ICRA,26-Oct-2023,5311.50
IDBI,26-Oct-2023,62.75
IDEA,26-Oct-2023,10.70
IDEAFORGE,26-Oct-2023,781.95
IDFC,26-Oct-2023,118.00
IDFCFIRSTB,26-Oct-2023,84.65
IDFNIFTYET,26-Oct-2023,202.94
IEX,26-Oct-2023,123.80
IFBAGRO,26-Oct-2023,495.40
IFBIND,26-Oct-2023,881.00
IFCI,26-Oct-2023,22.00
IFGLEXPOR,26-Oct-2023,473.00
IGARASHI,26-Oct-2023,587.40
IGL,26-Oct-2023,387.50
IGPL,26-Oct-2023,465.25
IIFL,26-Oct-2023,597.00
IIFLSEC,26-Oct-2023,102.05
IITL,26-Oct-2023,126.30
IKIO,26-Oct-2023,342.00
IMAGICAA,26-Oct-2023,45.75
IMFA,26-Oct-2023,416.00
IMPAL,26-Oct-2023,771.00
INDHOTEL,26-Oct-2023,375.55
INDIACEM,26-Oct-2023,208.90
INDIAGLYCO,26-Oct-2023,663.40
INDIAMART,26-Oct-2023,2660.05
INDIANB,26-Oct-2023,400.15
INDIANCARD,26-Oct-2023,227.10
INDIANHUME,26-Oct-2023,223.50
INDIGO,26-Oct-2023,2422.60
INDIGOPNTS,26-Oct-2023,1413.50
INDNIPPON,26-Oct-2023,493.00
INDOAMIN,26-Oct-2023,107.45
INDOCO,26-Oct-2023,317.95
INDORAMA,26-Oct-2023,54.35
INDOTHAI,26-Oct-2023,214.90
INDSWFTLAB,26-Oct-2023,86.50
INDTERRAIN,26-Oct-2023,55.00
INDUSINDBK,26-Oct-2023,1410.90
INDUSTOWER,26-Oct-2023,170.70
INFIBEAM,26-Oct-2023,18.65
INFOBEAN,26-Oct-2023,430.90
INFRABEES,26-Oct-2023,632.00
INFY,26-Oct-2023,1360.00
INGERRAND,26-Oct-2023,2815.00
INOXGREEN,26-Oct-2023,63.75
INOXWIND,26-Oct-2023,209.30
INSECTICID,26-Oct-2023,474.80
INTELLECT,26-Oct-2023,662.85
INTENTECH,26-Oct-2023,75.50
INTLCONV,26-Oct-2023,73.70
INVENTURE,26-Oct-2023,2.05
IOB,26-Oct-2023,38.25
IOC,26-Oct-2023,86.20
IOLCP,26-Oct-2023,416.00
IONEXCHANG,26-Oct-2023,538.00
IPCALAB,26-Oct-2023,984.00
IPL,26-Oct-2023,264.50
IRB,26-Oct-2023,32.30
IRCON,26-Oct-2023,139.50
IRCTC,26-Oct-2023,645.30
IRFC,26-Oct-2023,69.90
IRISDOREME,26-Oct-2023,85.30
IRMENERGY,26-Oct-2023,472.45
ISEC,26-Oct-2023,646.40
ISFT,26-Oct-2023,122.00
ISGEC,26-Oct-2023,675.00
ISMTLTD,26-Oct-2023,75.55
ITBEES,26-Oct-2023,32.10
ITC,26-Oct-2023,432.65
ITDC,26-Oct-2023,411.00
ITDCEM,26-Oct-2023,192.50
ITI,26-Oct-2023,267.70
IVP,26-Oct-2023,160.50
IVZINGOLD,26-Oct-2023,5444.90
IVZINNIFTY,26-Oct-2023,2159.99
IWEL,26-Oct-2023,2570.00
J&KBANK,26-Oct-2023,99.20
JAGRAN,26-Oct-2023,102.10
JAGSNPHARM,26-Oct-2023,390.00
JAICORPLTD,26-Oct-2023,300.05
JAIPURKURT,26-Oct-2023,75.05
JAMNAAUTO,26-Oct-2023,105.25
JASH,26-Oct-2023,1374.00
JAYAGROGN,26-Oct-2023,197.95
JAYBARMARU,26-Oct-2023,105.35
JAYNECOIND,26-Oct-2023,34.25
JAYSREETEA,26-Oct-2023,93.10
JBCHEPHARM,26-Oct-2023,1310.00
JCHAC,26-Oct-2023,1138.00
JHS,26-Oct-2023,19.95
JINDALPHOT,26-Oct-2023,746.00
JINDALPOLY,26-Oct-2023,636.00
JINDALSAW,26-Oct-2023,392.60
JINDALSTEL,26-Oct-2023,645.30
JINDRILL,26-Oct-2023,636.00
JINDWORLD,26-Oct-2023,356.00
JIOFIN,26-Oct-2023,216.40
JISLJALEQS,26-Oct-2023,56.95
JKCEMENT,26-Oct-2023,3097.70
JKIL,26-Oct-2023,402.00
JKLAKSHMI,26-Oct-2023,649.80
JKPAPER,26-Oct-2023,375.80
JKTYRE,26-Oct-2023,294.65
JLHL,26-Oct-2023,1023.00
JMA,26-Oct-2023,76.45
JMFINANCIL,26-Oct-2023,81.50
JOCIL,26-Oct-2023,203.00
JPASSOCIAT,26-Oct-2023,11.80
JPOLYINVST,26-Oct-2023,692.50
JPPOWER,26-Oct-2023,8.90
JSL,26-Oct-2023,446.00
JSWENERGY,26-Oct-2023,389.00
JSWHL,26-Oct-2023,4565.00
JSWINFRA,26-Oct-2023,172.60
JSWSTEEL,26-Oct-2023,727.85
JTEKTINDIA,26-Oct-2023,131.85
JTLIND,26-Oct-2023,215.45
JUBLFOOD,26-Oct-2023,508.80
JUBLINDS,26-Oct-2023,564.95
JUBLINGREA,26-Oct-2023,427.60
JUBLPHARMA,26-Oct-2023,340.00
JUNIORBEES,26-Oct-2023,459.80
JUSTDIAL,26-Oct-2023,720.10
JWL,26-Oct-2023,294.80
JYOTHYLAB,26-Oct-2023,347.40
KABRAEXTRU,26-Oct-2023,420.00
KAJARIACER,26-Oct-2023,1225.45
KAKATCEM,26-Oct-2023,204.60
KALAMANDIR,26-Oct-2023,240.20
KALYANKJIL,26-Oct-2023,286.20
KAMATHOTEL,26-Oct-2023,206.00
KAMDHENU,26-Oct-2023,272.20
KANANIIND,26-Oct-2023,7.30
KANORICHEM,26-Oct-2023,119.10
KANPRPLA,26-Oct-2023,117.00
KANSAINER,26-Oct-2023,311.00
KAPSTON,26-Oct-2023,195.40
KARURVYSYA,26-Oct-2023,143.50
KAYA,26-Oct-2023,338.90
KAYNES,26-Oct-2023,2295.55
KBCGLOBAL,26-Oct-2023,2.45
KCP,26-Oct-2023,129.00
KDDL,26-Oct-2023,2084.90
KEC,26-Oct-2023,630.00
KECL,26-Oct-2023,113.00
KEI,26-Oct-2023,2498.00
KELLTONTEC,26-Oct-2023,76.40
KFINTECH,26-Oct-2023,438.40
KHADIM,26-Oct-2023,383.50
KHAICHEM,26-Oct-2023,63.50
KHANDSE,26-Oct-2023,24.10
KICL,26-Oct-2023,2550.00
KIMS,26-Oct-2023,1810.00
KINGFA,26-Oct-2023,2256.00
KIOCL,26-Oct-2023,334.95
KIRIINDUS,26-Oct-2023,270.00
KIRLOSBROS,26-Oct-2023,874.60
KIRLOSENG,26-Oct-2023,503.00
KIRLOSIND,26-Oct-2023,3279.00
KIRLPNU,26-Oct-2023,568.00
KITEX,26-Oct-2023,193.50
KKCL,26-Oct-2023,757.40
KMSUGAR,26-Oct-2023,31.40
KNRCON,26-Oct-2023,264.60
KOHINOOR,26-Oct-2023,36.50
KOLTEPATIL,26-Oct-2023,444.00
KOPRAN,26-Oct-2023,201.00
KOTAKALPHA,26-Oct-2023,33.30
KOTAKBANK,26-Oct-2023,1694.95
KOTAKBKETF,26-Oct-2023,432.30
KOTAKCONS,26-Oct-2023,82.93
KOTAKGOLD,26-Oct-2023,51.99
KOTAKIT,26-Oct-2023,31.85
KOTAKLIQ,26-Oct-2023,1000.00
KOTAKLOVOL,26-Oct-2023,15.31
KOTAKMID50,26-Oct-2023,111.89
KOTAKMNC,26-Oct-2023,21.96
KOTAKNIFTY,26-Oct-2023,203.54
KOTAKNV20,26-Oct-2023,114.90
KOTAKPSUBK,26-Oct-2023,473.99
KOTAKSILVE,26-Oct-2023,71.10
KOTHARIPET,26-Oct-2023,125.30
KOTHARIPRO,26-Oct-2023,114.35
KPIGREEN,26-Oct-2023,808.50
KPIL,26-Oct-2023,658.20
KPITTECH,26-Oct-2023,1124.00
KPRMILL,26-Oct-2023,806.00
KRBL,26-Oct-2023,360.80
KREBSBIO,26-Oct-2023,67.75
KRISHANA,26-Oct-2023,247.00
KRITI,26-Oct-2023,94.05
KRSNAA,26-Oct-2023,679.90
KSB,26-Oct-2023,2883.00
KSCL,26-Oct-2023,623.00
KSL,26-Oct-2023,452.00
KTKBANK,26-Oct-2023,223.00
KUANTUM,26-Oct-2023,172.85
L&TFH,26-Oct-2023,131.85
LALPATHLAB,26-Oct-2023,2360.00
LAMBODHARA,26-Oct-2023,149.00
LANDMARK,26-Oct-2023,707.00
LAOPALA,26-Oct-2023,410.00
LATENTVIEW,26-Oct-2023,412.85
LATTEYS,26-Oct-2023,38.00
LAURUSLABS,26-Oct-2023,358.50
LAXMICOT,26-Oct-2023,21.30
LAXMIMACH,26-Oct-2023,13159.00
LEMONTREE,26-Oct-2023,106.70
LFIC,26-Oct-2023,143.25
LGBBROSLTD,26-Oct-2023,987.00
LGBFORGE,26-Oct-2023,9.20
LIBAS,26-Oct-2023,13.40
LIBERTSHOE,26-Oct-2023,310.25
LICHSGFIN,26-Oct-2023,437.20
LICI,26-Oct-2023,605.75
LICMFGOLD,26-Oct-2023,5552.00
LICNETFGSC,26-Oct-2023,23.85
LICNETFN50,26-Oct-2023,205.78
LICNETFSEN,26-Oct-2023,700.00
LICNFNHGP,26-Oct-2023,201.10
LIKHITHA,26-Oct-2023,291.40
LINC,26-Oct-2023,805.50
LINCOLN,26-Oct-2023,489.00
LINDEINDIA,26-Oct-2023,5951.85
LIQUID,26-Oct-2023,1000.00
LIQUIDBEES,26-Oct-2023,999.99
LIQUIDETF,26-Oct-2023,1000.00
LLOYDSME,26-Oct-2023,517.70
LODHA,26-Oct-2023,725.00
LOKESHMACH,26-Oct-2023,225.00
LORDSCHLO,26-Oct-2023,153.00
LOVABLE,26-Oct-2023,124.50
LOWVOL,26-Oct-2023,147.54
LOYALTEX,26-Oct-2023,600.00
LT,26-Oct-2023,2864.45
LTGILTBEES,26-Oct-2023,24.24
LTIM,26-Oct-2023,5155.15
LTTS,26-Oct-2023,4137.00
LUMAXIND,26-Oct-2023,2140.00
LUMAXTECH,26-Oct-2023,343.55
LUPIN,26-Oct-2023,1139.60
LUXIND,26-Oct-2023,1272.00
LXCHEM,26-Oct-2023,251.00
LYKALABS,26-Oct-2023,109.60
M&M,26-Oct-2023,1508.00
M&MFIN,26-Oct-2023,270.50
MACPOWER,26-Oct-2023,479.80
MADHAV,26-Oct-2023,49.50
MADHUCON,26-Oct-2023,5.15
MADRASFERT,26-Oct-2023,75.40
MAFANG,26-Oct-2023,59.97
MAGADSUGAR,26-Oct-2023,700.00
MAHABANK,26-Oct-2023,41.15
MAHAPEXLTD,26-Oct-2023,144.00
MAHASTEEL,26-Oct-2023,79.00
MAHEPC,26-Oct-2023,114.45
MAHESHWARI,26-Oct-2023,80.10
MAHKTECH,26-Oct-2023,13.40
MAHLIFE,26-Oct-2023,501.90
MAHLOG,26-Oct-2023,354.20
MAHSCOOTER,26-Oct-2023,7808.00
MAHSEAMLES,26-Oct-2023,686.45
MAITHANALL,26-Oct-2023,1033.90
MAKEINDIA,26-Oct-2023,94.99
MALLCOM,26-Oct-2023,1041.10
MALUPAPER,26-Oct-2023,37.00
MANAKALUCO,26-Oct-2023,24.50
MANAKSIA,26-Oct-2023,131.80
MANAKSTEEL,26-Oct-2023,41.50
MANALIPETC,26-Oct-2023,68.20
MANAPPURAM,26-Oct-2023,130.60
MANGALAM,26-Oct-2023,100.80
MANGCHEFER,26-Oct-2023,101.80
MANGLMCEM,26-Oct-2023,373.20
MANINDS,26-Oct-2023,205.35
MANINFRA,26-Oct-2023,145.20
MANKIND,26-Oct-2023,1700.00
MANOMAY,26-Oct-2023,119.95
MANORAMA,26-Oct-2023,2139.00
MANORG,26-Oct-2023,353.90
MANYAVAR,26-Oct-2023,1270.00
MAPMYINDIA,26-Oct-2023,1996.55
MARALOVER,26-Oct-2023,64.00
MARATHON,26-Oct-2023,406.05
MARICO,26-Oct-2023,535.00
MARKSANS,26-Oct-2023,105.60
MARSHALL,26-Oct-2023,55.00
MARUTI,26-Oct-2023,10411.00
MASFIN,26-Oct-2023,872.00
MASPTOP50,26-Oct-2023,31.20
MASTEK,26-Oct-2023,2142.00
MATRIMONY,26-Oct-2023,567.30
MAWANASUG,26-Oct-2023,97.50
MAXHEALTH,26-Oct-2023,550.20
MAXIND,26-Oct-2023,132.10
MAYURUNIQ,26-Oct-2023,531.00
MAZDA,26-Oct-2023,1250.00
MAZDOCK,26-Oct-2023,1895.00
MBAPL,26-Oct-2023,306.30
MBLINFRA,26-Oct-2023,30.70
MCDOWELL-N,26-Oct-2023,1011.60
MCX,26-Oct-2023,2234.95
MEDANTA,26-Oct-2023,742.70
MEDICAMEQ,26-Oct-2023,582.00
MEDICO,26-Oct-2023,71.50
MEDPLUS,26-Oct-2023,815.00
MEGASTAR,26-Oct-2023,281.95
MENONBE,26-Oct-2023,143.50
MEP,26-Oct-2023,12.60
METROBRAND,26-Oct-2023,1190.65
METROPOLIS,26-Oct-2023,1404.45
MFSL,26-Oct-2023,890.90
MGEL,26-Oct-2023,16.50
MGL,26-Oct-2023,989.65
MHLXMIRU,26-Oct-2023,180.15
MHRIL,26-Oct-2023,404.80
MICEL,26-Oct-2023,40.25
MID150BEES,26-Oct-2023,147.00
MIDCAPETF,26-Oct-2023,14.41
MIDHANI,26-Oct-2023,392.80
MINDACORP,26-Oct-2023,332.10
MINDTECK,26-Oct-2023,171.00
MIRZAINT,26-Oct-2023,45.75
MITCON,26-Oct-2023,76.10
MITTAL,26-Oct-2023,17.60
MKPL,26-Oct-2023,826.25
MMFL,26-Oct-2023,840.00
MMTC,26-Oct-2023,54.55
MOGSEC,26-Oct-2023,52.78
MOHEALTH,26-Oct-2023,26.95
MOIL,26-Oct-2023,228.30
MOL,26-Oct-2023,73.75
MOLDTECH,26-Oct-2023,290.00
MOLDTKPAC,26-Oct-2023,885.85
MOLOWVOL,26-Oct-2023,28.15
MOM100,26-Oct-2023,40.65
MOM50,26-Oct-2023,197.94
MOMENTUM,26-Oct-2023,22.20
MOMOMENTUM,26-Oct-2023,44.25
MON100,26-Oct-2023,116.88
MONARCH,26-Oct-2023,378.00
MONIFTY500,26-Oct-2023,16.80
MONQ50,26-Oct-2023,52.10
MONTECARLO,26-Oct-2023,743.00
MOQUALITY,26-Oct-2023,131.43
MORARJEE,26-Oct-2023,20.90
MOREPENLAB,26-Oct-2023,32.50
MOTHERSON,26-Oct-2023,91.50
MOTILALOFS,26-Oct-2023,922.90
MOVALUE,26-Oct-2023,63.38
MPHASIS,26-Oct-2023,2105.00
MPSLTD,26-Oct-2023,1557.10
MRF,26-Oct-2023,107227.90
MRO-TEK,26-Oct-2023,58.00
MRPL,26-Oct-2023,96.45
MSTCLTD,26-Oct-2023,432.80
MSUMI,26-Oct-2023,59.40
MTARTECH,26-Oct-2023,2500.95
MTNL,26-Oct-2023,26.70
MUKANDLTD,26-Oct-2023,155.40
MUNJALAU,26-Oct-2023,52.55
MUNJALSHOW,26-Oct-2023,130.60
MURUDCERA,26-Oct-2023,63.85
MUTHOOTCAP,26-Oct-2023,412.60
MUTHOOTFIN,26-Oct-2023,1269.00
MVGJL,26-Oct-2023,247.90
NACLIND,26-Oct-2023,77.70
NAGAFERT,26-Oct-2023,8.25
NAGREEKEXP,26-Oct-2023,52.40
NAHARCAP,26-Oct-2023,282.10
NAHARINDUS,26-Oct-2023,132.40
NAHARPOLY,26-Oct-2023,220.40
NAHARSPING,26-Oct-2023,265.00
NAM-INDIA,26-Oct-2023,357.50
NARMADA,26-Oct-2023,18.90
NATCOPHARM,26-Oct-2023,799.75
NATHBIOGEN,26-Oct-2023,181.75
NATIONALUM,26-Oct-2023,90.00
NAUKRI,26-Oct-2023,4041.95
NAVA,26-Oct-2023,410.00
NAVINFLUOR,26-Oct-2023,3425.00
NAVINIFTY,26-Oct-2023,198.00
NAVKARCORP,26-Oct-2023,57.55
NAVNETEDUL,26-Oct-2023,153.00
NAZARA,26-Oct-2023,785.00
NBCC,26-Oct-2023,63.80
NBIFIN,26-Oct-2023,1706.00
NCC,26-Oct-2023,144.25
NCLIND,26-Oct-2023,205.00
NDGL,26-Oct-2023,1765.00
NDL,26-Oct-2023,21.50
NDTV,26-Oct-2023,191.70
NECCLTD,26-Oct-2023,20.00
NECLIFE,26-Oct-2023,22.30
NELCAST,26-Oct-2023,159.20
NELCO,26-Oct-2023,688.00
NEOGEN,26-Oct-2023,1525.00
NESCO,26-Oct-2023,627.00
NESTLEIND,26-Oct-2023,23450.00
NETF,26-Oct-2023,200.99
NETWEB,26-Oct-2023,749.70
NETWORK18,26-Oct-2023,68.75
NEULANDLAB,26-Oct-2023,3716.00
NEWGEN,26-Oct-2023,1180.00
NEXT50,26-Oct-2023,436.11
NFL,26-Oct-2023,67.10
NGIL,26-Oct-2023,40.15
NGLFINE,26-Oct-2023,1794.00
NH,26-Oct-2023,986.00
NHPC,26-Oct-2023,49.65
NIACL,26-Oct-2023,134.15
NIF100BEES,26-Oct-2023,196.60
NIFMID150,26-Oct-2023,159.50
NIFTYBEES,26-Oct-2023,208.96
NIFTYETF,26-Oct-2023,199.03
NIFTYQLITY,26-Oct-2023,15.99
NIITLTD,26-Oct-2023,110.85
NIITMTS,26-Oct-2023,375.60
NILKAMAL,26-Oct-2023,2278.50
NINSYS,26-Oct-2023,348.00
NITCO,26-Oct-2023,18.80
NITINSPIN,26-Oct-2023,275.00
NLCINDIA,26-Oct-2023,122.50
NMDC,26-Oct-2023,152.65
NOCIL,26-Oct-2023,214.30
NOIDATOLL,26-Oct-2023,8.60
NPBET,26-Oct-2023,224.35
NRAIL,26-Oct-2023,349.00
NRBBEARING,26-Oct-2023,255.00
NRL,26-Oct-2023,87.50
NSIL,26-Oct-2023,2385.95
NSLNISP,26-Oct-2023,41.40
NTPC,26-Oct-2023,232.00
NUCLEUS,26-Oct-2023,1487.45
NURECA,26-Oct-2023,338.95
NUVAMA,26-Oct-2023,2695.00
NUVOCO,26-Oct-2023,343.00
NV20BEES,26-Oct-2023,113.50
NYKAA,26-Oct-2023,139.00
OAL,26-Oct-2023,333.95
OBCL,26-Oct-2023,58.90
OBEROIRLTY,26-Oct-2023,1064.80
OCCL,26-Oct-2023,730.00
OFSS,26-Oct-2023,3920.00
OIL,26-Oct-2023,299.20
OLECTRA,26-Oct-2023,1056.00
OMAXAUTO,26-Oct-2023,54.40
OMAXE,26-Oct-2023,74.40
ONELIFECAP,26-Oct-2023,15.10
ONGC,26-Oct-2023,180.00
ONMOBILE,26-Oct-2023,111.70
ONWARDTEC,26-Oct-2023,489.00
OPTIEMUS,26-Oct-2023,286.00
ORBTEXP,26-Oct-2023,152.00
ORCHPHARMA,26-Oct-2023,450.00
ORICONENT,26-Oct-2023,29.00
ORIENTALTL,26-Oct-2023,6.70
ORIENTBELL,26-Oct-2023,437.00
ORIENTCEM,26-Oct-2023,196.10
ORIENTCER,26-Oct-2023,40.90
ORIENTELEC,26-Oct-2023,210.55
ORIENTHOT,26-Oct-2023,103.40
ORIENTPPR,26-Oct-2023,45.10
ORISSAMINE,26-Oct-2023,6043.00
ORTINLAB,26-Oct-2023,18.00
OSIAHYPER,26-Oct-2023,52.35
OSWALAGRO,26-Oct-2023,31.55
OSWALGREEN,26-Oct-2023,24.95
OSWALSEEDS,26-Oct-2023,62.15
PAGEIND,26-Oct-2023,37189.95
PAISALO,26-Oct-2023,75.50
PAKKA,26-Oct-2023,254.00
PALASHSECU,26-Oct-2023,102.50
PALREDTEC,26-Oct-2023,145.00
PANACEABIO,26-Oct-2023,150.00
PANAMAPET,26-Oct-2023,311.05
PAR,26-Oct-2023,202.40
PARADEEP,26-Oct-2023,59.00
PARAGMILK,26-Oct-2023,202.95
PARAS,26-Oct-2023,676.75
PASUPTAC,26-Oct-2023,38.95
PATELENG,26-Oct-2023,44.50
PAVNAIND,26-Oct-2023,392.25
PAYTM,26-Oct-2023,875.40
PCBL,26-Oct-2023,188.50
PCJEWELLER,26-Oct-2023,29.55
PDMJEPAPER,26-Oct-2023,46.40
PDSL,26-Oct-2023,615.00
PEARLPOLY,26-Oct-2023,26.95
PEL,26-Oct-2023,951.55
PENIND,26-Oct-2023,99.00
PENINLAND,26-Oct-2023,40.05
PERSISTENT,26-Oct-2023,5875.60
PETRONET,26-Oct-2023,218.90
PFC,26-Oct-2023,231.00
PFIZER,26-Oct-2023,3932.40
PFOCUS,26-Oct-2023,85.30
PFS,26-Oct-2023,26.15
PGEL,26-Oct-2023,1877.40
PGHH,26-Oct-2023,16859.00
PGHL,26-Oct-2023,5003.00
PHARMABEES,26-Oct-2023,14.97
PHOENIXLTD,26-Oct-2023,1756.95
PIDILITIND,26-Oct-2023,2298.00
PIIND,26-Oct-2023,3295.00
PILANIINVS,26-Oct-2023,2260.00
PILITA,26-Oct-2023,8.70
PITTIENG,26-Oct-2023,669.05
PIXTRANS,26-Oct-2023,1139.80
PLASTIBLEN,26-Oct-2023,259.85
PNB,26-Oct-2023,70.10
PNBGILTS,26-Oct-2023,84.25
PNBHOUSING,26-Oct-2023,717.00
PNC,26-Oct-2023,37.10
PNCINFRA,26-Oct-2023,330.00
POCL,26-Oct-2023,440.50
PODDARHOUS,26-Oct-2023,131.00
PODDARMENT,26-Oct-2023,356.50
POKARNA,26-Oct-2023,487.00
POLICYBZR,26-Oct-2023,670.60
POLYCAB,26-Oct-2023,4876.00
POLYMED,26-Oct-2023,1357.00
POLYPLEX,26-Oct-2023,1036.00
PONNIERODE,26-Oct-2023,390.25
POONAWALLA,26-Oct-2023,353.45
POWERGRID,26-Oct-2023,199.80
POWERINDIA,26-Oct-2023,4156.20
POWERMECH,26-Oct-2023,3620.00
PPAP,26-Oct-2023,233.30
PPL,26-Oct-2023,355.00
PPLPHARMA,26-Oct-2023,89.90
PRAJIND,26-Oct-2023,521.85
PRECAM,26-Oct-2023,255.00
PRECOT,26-Oct-2023,201.00
PRECWIRE,26-Oct-2023,113.20
PREMIERPOL,26-Oct-2023,181.25
PRESTIGE,26-Oct-2023,789.00
PRICOLLTD,26-Oct-2023,330.30
PRIMESECU,26-Oct-2023,143.00
PRINCEPIPE,26-Oct-2023,637.50
PRITI,26-Oct-2023,164.60
PRIVISCL,26-Oct-2023,1199.00
PROZONER,26-Oct-2023,32.00
PRSMJOHNSN,26-Oct-2023,134.45
PRUDENT,26-Oct-2023,1274.50
PSB,26-Oct-2023,38.40
PSPPROJECT,26-Oct-2023,715.00
PSUBANKICI,26-Oct-2023,47.60
PSUBNKBEES,26-Oct-2023,52.70
PTC,26-Oct-2023,133.00
PTCIL,26-Oct-2023,4947.00
PTL,26-Oct-2023,40.70
PUNJABCHEM,26-Oct-2023,1084.00
PURVA,26-Oct-2023,141.85
PVRINOX,26-Oct-2023,1580.00
PYRAMID,26-Oct-2023,213.00
QGOLDHALF,26-Oct-2023,51.57
QNIFTY,26-Oct-2023,2019.00
QUESS,26-Oct-2023,410.05
QUICKHEAL,26-Oct-2023,300.10
RACE,26-Oct-2023,233.30
RADHIKAJWE,26-Oct-2023,42.00
RADIANTCMS,26-Oct-2023,91.85
RADICO,26-Oct-2023,1225.00
RADIOCITY,26-Oct-2023,13.95
RAILTEL,26-Oct-2023,217.95
RAIN,26-Oct-2023,149.70
RAINBOW,26-Oct-2023,1130.00
RAJESHEXPO,26-Oct-2023,443.00
RAJRATAN,26-Oct-2023,739.60
RAJTV,26-Oct-2023,51.15
RALLIS,26-Oct-2023,217.25
RAMANEWS,26-Oct-2023,13.50
RAMAPHO,26-Oct-2023,221.75
RAMASTEEL,26-Oct-2023,32.45
RAMCOCEM,26-Oct-2023,970.10
RAMCOIND,26-Oct-2023,215.00
RAMCOSYS,26-Oct-2023,257.00
RAMKY,26-Oct-2023,589.00
RAMRAT,26-Oct-2023,240.70
RANASUG,26-Oct-2023,23.85
RANEHOLDIN,26-Oct-2023,1155.00
RATEGAIN,26-Oct-2023,600.00
RATNAMANI,26-Oct-2023,2662.00
RATNAVEER,26-Oct-2023,117.90
RAYMOND,26-Oct-2023,1669.40
RBA,26-Oct-2023,112.65
RBL,26-Oct-2023,762.65
RBLBANK,26-Oct-2023,216.05
RCF,26-Oct-2023,121.25
RECLTD,26-Oct-2023,267.45
REDINGTON,26-Oct-2023,141.80
REDTAPE,26-Oct-2023,505.10
REFEX,26-Oct-2023,596.40
RELAXO,26-Oct-2023,871.00
RELCHEMQ,26-Oct-2023,223.00
RELIANCE,26-Oct-2023,2223.00
RELIGARE,26-Oct-2023,228.55
RENUKA,26-Oct-2023,48.30
REPCOHOME,26-Oct-2023,380.65
REPL,26-Oct-2023,193.00
REPRO,26-Oct-2023,715.60
RESPONIND,26-Oct-2023,299.45
RGL,26-Oct-2023,114.90
RHIM,26-Oct-2023,677.70
RHL,26-Oct-2023,102.10
RICOAUTO,26-Oct-2023,85.50
RIIL,26-Oct-2023,1017.95
RISHABH,26-Oct-2023,459.00
RITES,26-Oct-2023,459.00
RKEC,26-Oct-2023,72.50
RKFORGE,26-Oct-2023,604.10
RML,26-Oct-2023,822.50
ROHLTD,26-Oct-2023,303.20
ROLEXRINGS,26-Oct-2023,2128.05
ROML,26-Oct-2023,46.20
ROSSARI,26-Oct-2023,765.00
ROSSELLIND,26-Oct-2023,441.95
ROTO,26-Oct-2023,360.00
ROUTE,26-Oct-2023,1553.60
RPGLIFE,26-Oct-2023,1348.00
RPOWER,26-Oct-2023,16.50
RPPL,26-Oct-2023,201.00
RPSGVENT,26-Oct-2023,520.00
RRKABEL,26-Oct-2023,1335.20
RSWM,26-Oct-2023,176.50
RSYSTEMS,26-Oct-2023,479.85
RTNINDIA,26-Oct-2023,50.95
RTNPOWER,26-Oct-2023,7.05
RUBYMILLS,26-Oct-2023,209.90
RUCHIRA,26-Oct-2023,132.05
RUPA,26-Oct-2023,239.90
RUSHIL,26-Oct-2023,338.90
RUSTOMJEE,26-Oct-2023,535.00
RVNL,26-Oct-2023,151.35
SADHNANIQ,26-Oct-2023,88.70
SAFARI,26-Oct-2023,3959.00
SAGARDEEP,26-Oct-2023,22.90
SAGCEM,26-Oct-2023,239.00
SAH,26-Oct-2023,86.50
SAHYADRI,26-Oct-2023,400.00
SAIL,26-Oct-2023,83.25
SAKAR,26-Oct-2023,332.00
SAKHTISUG,26-Oct-2023,28.65
SAKSOFT,26-Oct-2023,333.00
SALASAR,26-Oct-2023,46.50
SALONA,26-Oct-2023,282.15
SALZERELEC,26-Oct-2023,385.00
SAMHI,26-Oct-2023,149.60
SANDESH,26-Oct-2023,1005.55
SANDHAR,26-Oct-2023,355.55
SANDUMA,26-Oct-2023,1517.75
SANGAMIND,26-Oct-2023,295.00
SANGHVIMOV,26-Oct-2023,671.95
SANGINITA,26-Oct-2023,23.50
SANOFI,26-Oct-2023,7334.00
SANSERA,26-Oct-2023,880.00
SAPPHIRE,26-Oct-2023,1374.00
SARDAEN,26-Oct-2023,203.00
SAREGAMA,26-Oct-2023,332.00
SARLAPOLY,26-Oct-2023,46.30
SASKEN,26-Oct-2023,1183.95
SASTASUNDR,26-Oct-2023,311.40
SATIA,26-Oct-2023,124.55
SATIN,26-Oct-2023,218.75
SATINDLTD,26-Oct-2023,86.80
SBC,26-Oct-2023,27.10
SBCL,26-Oct-2023,514.00
SBFC,26-Oct-2023,82.10
SBGLP,26-Oct-2023,342.00
SBICARD,26-Oct-2023,773.00
SBIETFCON,26-Oct-2023,84.00
SBIETFIT,26-Oct-2023,319.45
SBIETFPB,26-Oct-2023,222.17
SBIETFQLTY,26-Oct-2023,168.57
SBILIFE,26-Oct-2023,1307.00
SBIN,26-Oct-2023,547.00
SCHAEFFLER,26-Oct-2023,2985.00
SCHAND,26-Oct-2023,251.90
SCHNEIDER,26-Oct-2023,311.40
SCI,26-Oct-2023,134.75
SCPL,26-Oct-2023,406.15
SDBL,26-Oct-2023,316.00
SDL24BEES,26-Oct-2023,116.64
SDL26BEES,26-Oct-2023,115.45
SEAMECLTD,26-Oct-2023,685.00
SECMARK,26-Oct-2023,81.80
SECURCRED,26-Oct-2023,17.85
SECURKLOUD,26-Oct-2023,35.65
SELAN,26-Oct-2023,415.25
SENCO,26-Oct-2023,618.80
SENSEXETF,26-Oct-2023,62.27
SEPC,26-Oct-2023,17.50
SEQUENT,26-Oct-2023,99.50
SESHAPAPER,26-Oct-2023,340.00
SETF10GILT,26-Oct-2023,216.63
SETFGOLD,26-Oct-2023,53.16
SETFNIF50,26-Oct-2023,197.60
SETFNIFBK,26-Oct-2023,429.62
SETFNN50,26-Oct-2023,453.40
SFL,26-Oct-2023,1088.00
SHAH,26-Oct-2023,2.70
SHAILY,26-Oct-2023,1800.00
SHAKTIPUMP,26-Oct-2023,1052.00
SHALBY,26-Oct-2023,239.85
SHALPAINTS,26-Oct-2023,178.00
SHANKARA,26-Oct-2023,695.00
SHANTI,26-Oct-2023,17.95
SHANTIGEAR,26-Oct-2023,466.00
SHARDACROP,26-Oct-2023,399.10
SHARDAMOTR,26-Oct-2023,884.05
SHAREINDIA,26-Oct-2023,1504.95
SHARIABEES,26-Oct-2023,423.81
SHEMAROO,26-Oct-2023,142.00
SHILPAMED,26-Oct-2023,328.35
SHIVALIK,26-Oct-2023,697.60
SHIVAMILLS,26-Oct-2023,78.30
SHIVATEX,26-Oct-2023,123.05
SHK,26-Oct-2023,138.45
SHOPERSTOP,26-Oct-2023,648.00
SHRADHA,26-Oct-2023,44.05
SHREDIGCEM,26-Oct-2023,86.70
SHREECEM,26-Oct-2023,25375.85
SHREEPUSHK,26-Oct-2023,187.00
SHRENIK,26-Oct-2023,1.00
SHREYAS,26-Oct-2023,307.15
SHRIRAMFIN,26-Oct-2023,1799.85
SHRIRAMPPS,26-Oct-2023,87.00
SHYAMCENT,26-Oct-2023,19.10
SHYAMMETL,26-Oct-2023,435.55
SHYAMTEL,26-Oct-2023,7.55
SIEMENS,26-Oct-2023,3407.00
SIGACHI,26-Oct-2023,38.40
SIGMA,26-Oct-2023,495.00
SIGNATURE,26-Oct-2023,528.00
SIKKO,26-Oct-2023,62.80
SILINV,26-Oct-2023,315.15
SILLYMONKS,26-Oct-2023,15.50
SILVER,26-Oct-2023,73.10
SILVERBEES,26-Oct-2023,70.55
SILVERETF,26-Oct-2023,71.75
SILVERTUC,26-Oct-2023,538.00
SILVRETF,26-Oct-2023,71.60
SIMBHALS,26-Oct-2023,28.30
SINTERCOM,26-Oct-2023,127.00
SIRCA,26-Oct-2023,366.00
SIS,26-Oct-2023,410.00
SIYSIL,26-Oct-2023,523.45
SJS,26-Oct-2023,671.30
SJVN,26-Oct-2023,67.75
SKFINDIA,26-Oct-2023,4996.00
SKIPPER,26-Oct-2023,215.65
SKMEGGPROD,26-Oct-2023,407.85
SKYGOLD,26-Oct-2023,712.40
SMARTLINK,26-Oct-2023,165.75
SMCGLOBAL,26-Oct-2023,83.00
SMLISUZU,26-Oct-2023,1225.00
SMLT,26-Oct-2023,223.00
SMSLIFE,26-Oct-2023,505.00
SMSPHARMA,26-Oct-2023,116.10
SNOWMAN,26-Oct-2023,48.05
SOBHA,26-Oct-2023,698.20
SOLARA,26-Oct-2023,301.00
SOLARINDS,26-Oct-2023,5261.10
SOMANYCERA,26-Oct-2023,659.10
SOMICONVEY,26-Oct-2023,85.70
SONACOMS,26-Oct-2023,549.00
SONATSOFTW,26-Oct-2023,1132.05
SOTL,26-Oct-2023,372.90
SOUTHBANK,26-Oct-2023,24.00
SOUTHWEST,26-Oct-2023,173.75
SPAL,26-Oct-2023,553.80
SPANDANA,26-Oct-2023,826.00
SPARC,26-Oct-2023,219.20
SPCENET,26-Oct-2023,25.50
SPECIALITY,26-Oct-2023,181.60
SPENCERS,26-Oct-2023,64.65
SPIC,26-Oct-2023,67.90
SPLIL,26-Oct-2023,64.50
SPLPETRO,26-Oct-2023,555.00
SPORTKING,26-Oct-2023,753.50
SREEL,26-Oct-2023,249.50
SRF,26-Oct-2023,2104.80
SRGHFL,26-Oct-2023,244.00
SRHHYPOLTD,26-Oct-2023,548.30
SSWL,26-Oct-2023,272.50
STAR,26-Oct-2023,477.20
STARCEMENT,26-Oct-2023,154.00
STARHEALTH,26-Oct-2023,582.90
STARPAPER,26-Oct-2023,209.10
STCINDIA,26-Oct-2023,110.95
STEELCAS,26-Oct-2023,651.25
STEELCITY,26-Oct-2023,64.00
STEELXIND,26-Oct-2023,8.70
STERTOOLS,26-Oct-2023,345.50
STLTECH,26-Oct-2023,150.10
STOVEKRAFT,26-Oct-2023,515.10
STYLAMIND,26-Oct-2023,1639.70
STYRENIX,26-Oct-2023,1388.00
SUBEXLTD,26-Oct-2023,29.30
SUBROS,26-Oct-2023,366.20
SUDARSCHEM,26-Oct-2023,463.00
SUKHJITS,26-Oct-2023,415.95
SULA,26-Oct-2023,459.00
SUMICHEM,26-Oct-2023,379.00
SUMIT,26-Oct-2023,30.75
SUMMITSEC,26-Oct-2023,1000.00
SUNDARMFIN,26-Oct-2023,3190.90
SUNDARMHLD,26-Oct-2023,121.00
SUNDRMFAST,26-Oct-2023,1255.00
SUNFLAG,26-Oct-2023,166.40
SUNPHARMA,26-Oct-2023,1106.00
SUNTECK,26-Oct-2023,396.50
SUNTV,26-Oct-2023,622.40
SUPERHOUSE,26-Oct-2023,218.00
SUPRAJIT,26-Oct-2023,360.25
SUPREMEIND,26-Oct-2023,4188.10
SUPRIYA,26-Oct-2023,248.10
SURANAT&P,26-Oct-2023,10.20
SURYALAXMI,26-Oct-2023,59.60
SURYAROSNI,26-Oct-2023,545.95
SURYODAY,26-Oct-2023,153.00
SUTLEJTEX,26-Oct-2023,50.80
SUVEN,26-Oct-2023,62.50
SUVENPHAR,26-Oct-2023,565.80
SWANENERGY,26-Oct-2023,330.00
SWARAJENG,26-Oct-2023,2000.00
SWELECTES,26-Oct-2023,598.05
SYMPHONY,26-Oct-2023,836.00
SYNCOMF,26-Oct-2023,8.25
SYNGENE,26-Oct-2023,687.00
SYRMA,26-Oct-2023,579.90
TAINWALCHM,26-Oct-2023,121.90
TAJGVK,26-Oct-2023,221.00
TALBROAUTO,26-Oct-2023,1053.00
TANLA,26-Oct-2023,972.00
TARC,26-Oct-2023,92.75
TARMAT,26-Oct-2023,78.30
TARSONS,26-Oct-2023,449.10
TASTYBITE,26-Oct-2023,15921.00
TATACHEM,26-Oct-2023,942.00
TATACOFFEE,26-Oct-2023,255.35
TATACOMM,26-Oct-2023,1564.00
TATACONSUM,26-Oct-2023,878.00
TATAELXSI,26-Oct-2023,7467.00
TATAINVEST,26-Oct-2023,3039.80
TATAMETALI,26-Oct-2023,907.00
TATAMOTORS,26-Oct-2023,625.55
TATAMTRDVR,26-Oct-2023,412.85
TATAPOWER,26-Oct-2023,235.00
TATASTEEL,26-Oct-2023,120.05
TATASTLLP,26-Oct-2023,785.20
TATVA,26-Oct-2023,1444.95
TBZ,26-Oct-2023,117.40
TCI,26-Oct-2023,788.00
TCIEXP,26-Oct-2023,1335.00
TCNSBRANDS,26-Oct-2023,352.05
TCPLPACK,26-Oct-2023,1960.15
TCS,26-Oct-2023,3331.80
TDPOWERSYS,26-Oct-2023,236.00
TEAMLEASE,26-Oct-2023,2445.00
TECH,26-Oct-2023,31.15
TECHM,26-Oct-2023,1119.95
TECHNOE,26-Oct-2023,504.25
TEGA,26-Oct-2023,866.00
TEJASNET,26-Oct-2023,855.05
TEMBO,26-Oct-2023,239.75
TERASOFT,26-Oct-2023,42.80
TEXINFRA,26-Oct-2023,79.00
TEXRAIL,26-Oct-2023,121.15
TFCILTD,26-Oct-2023,95.40
TFL,26-Oct-2023,8.70
TGBHOTELS,26-Oct-2023,11.25
THANGAMAYL,26-Oct-2023,1342.00
THEINVEST,26-Oct-2023,82.60
THEJO,26-Oct-2023,1805.00
THEMISMED,26-Oct-2023,151.50
THERMAX,26-Oct-2023,2883.00
THYROCARE,26-Oct-2023,525.00
TI,26-Oct-2023,197.00
TIDEWATER,26-Oct-2023,1138.85
TIIL,26-Oct-2023,2113.00
TIINDIA,26-Oct-2023,2925.15
TIJARIA,26-Oct-2023,6.85
TIMESGTY,26-Oct-2023,75.00
TIMETECHNO,26-Oct-2023,150.40
TIMKEN,26-Oct-2023,2960.00
TINPLATE,26-Oct-2023,377.10
TIPSINDLTD,26-Oct-2023,339.75
TIRUMALCHM,26-Oct-2023,198.55
TITAGARH,26-Oct-2023,745.00
TITAN,26-Oct-2023,3106.00
TMB,26-Oct-2023,558.00
TNIDETF,26-Oct-2023,63.62
TNPETRO,26-Oct-2023,88.50
TNPL,26-Oct-2023,283.00
TOKYOPLAST,26-Oct-2023,94.80
TORNTPHARM,26-Oct-2023,1902.00
TORNTPOWER,26-Oct-2023,728.60
TOTAL,26-Oct-2023,114.50
TOUCHWOOD,26-Oct-2023,188.90
TPLPLASTEH,26-Oct-2023,45.85
TRACXN,26-Oct-2023,68.90
TREEHOUSE,26-Oct-2023,18.15
TREL,26-Oct-2023,40.30
TRENT,26-Oct-2023,2035.00
TRF,26-Oct-2023,229.00
TRIDENT,26-Oct-2023,33.70
TRIGYN,26-Oct-2023,112.60
TRIL,26-Oct-2023,158.00
TRITURBINE,26-Oct-2023,316.00
TRIVENI,26-Oct-2023,363.00
TRU,26-Oct-2023,71.20
TTKHLTCARE,26-Oct-2023,1214.00
TTKPRESTIG,26-Oct-2023,780.00
TTL,26-Oct-2023,90.80
TTML,26-Oct-2023,85.45
TV18BRDCST,26-Oct-2023,40.30
TVSELECT,26-Oct-2023,345.60
TVSHLTD,26-Oct-2023,5270.00
TVSMOTOR,26-Oct-2023,1578.00
TVSSCS,26-Oct-2023,209.95
TVSSRICHAK,26-Oct-2023,3800.35
TVTODAY,26-Oct-2023,214.00
UBL,26-Oct-2023,1571.75
UCOBANK,26-Oct-2023,36.40
UDS,26-Oct-2023,260.05
UFLEX,26-Oct-2023,422.15
UGARSUGAR,26-Oct-2023,94.60
UGROCAP,26-Oct-2023,297.80
UJAAS,26-Oct-2023,2.15
UJJIVAN,26-Oct-2023,523.45
UJJIVANSFB,26-Oct-2023,53.10
ULTRACEMCO,26-Oct-2023,8205.00
UMAEXPORTS,26-Oct-2023,47.60
UMANGDAIRY,26-Oct-2023,68.05
UNICHEMLAB,26-Oct-2023,435.65
UNIDT,26-Oct-2023,200.00
UNIENTER,26-Oct-2023,157.40
UNIONBANK,26-Oct-2023,95.40
UNIPARTS,26-Oct-2023,548.00
UNITEDPOLY,26-Oct-2023,92.00
UNITEDTEA,26-Oct-2023,306.45
UNIVASTU,26-Oct-2023,127.05
UNIVCABLES,26-Oct-2023,486.30
UNIVPHOTO,26-Oct-2023,422.65
UNOMINDA,26-Oct-2023,574.05
UPL,26-Oct-2023,560.50
URAVI,26-Oct-2023,285.10
URJA,26-Oct-2023,9.20
USHAMART,26-Oct-2023,281.70
USK,26-Oct-2023,36.10
UTIAMC,26-Oct-2023,743.35
UTIBANKETF,26-Oct-2023,43.10
UTINEXT50,26-Oct-2023,46.50
UTINIFTETF,26-Oct-2023,202.78
UTISENSETF,26-Oct-2023,681.00
UTISXN50,26-Oct-2023,56.98
UTKARSHBNK,26-Oct-2023,49.65
UTTAMSUGAR,26-Oct-2023,445.00
VADILALIND,26-Oct-2023,2483.15
VAIBHAVGBL,26-Oct-2023,393.00
VAISHALI,26-Oct-2023,136.00
VAKRANGEE,26-Oct-2023,17.65
VALIANTLAB,26-Oct-2023,187.30
VALIANTORG,26-Oct-2023,441.35
VARDHACRLC,26-Oct-2023,52.75
VARROC,26-Oct-2023,444.00
VASCONEQ,26-Oct-2023,74.15
VBL,26-Oct-2023,876.00
VCL,26-Oct-2023,1.70
VEDL,26-Oct-2023,212.50
VENKEYS,26-Oct-2023,1905.85
VENUSPIPES,26-Oct-2023,1285.00
VENUSREM,26-Oct-2023,240.00
VERANDA,26-Oct-2023,183.00
VERTOZ,26-Oct-2023,308.60
VESUVIUS,26-Oct-2023,3349.00
VETO,26-Oct-2023,110.50
VGUARD,26-Oct-2023,299.90
VHL,26-Oct-2023,2776.00
VIDHIING,26-Oct-2023,403.00
VIJAYA,26-Oct-2023,541.90
VIKASLIFE,26-Oct-2023,4.45
VIMTALABS,26-Oct-2023,505.00
VINATIORGA,26-Oct-2023,1750.00
VINDHYATEL,26-Oct-2023,2210.00
VINEETLAB,26-Oct-2023,51.25
VINYLINDIA,26-Oct-2023,407.40
VIPCLOTHNG,26-Oct-2023,47.00
VIPIND,26-Oct-2023,614.00
VIPULLTD,26-Oct-2023,15.80
VISAKAIND,26-Oct-2023,84.30
VISHAL,26-Oct-2023,19.30
VISHNU,26-Oct-2023,315.80
VISHWARAJ,26-Oct-2023,16.55
VIVIDHA,26-Oct-2023,0.90
VLEGOV,26-Oct-2023,29.40
VLSFINANCE,26-Oct-2023,190.10
VMART,26-Oct-2023,1762.00
VOLTAMP,26-Oct-2023,4705.00
VOLTAS,26-Oct-2023,833.95
VPRPL,26-Oct-2023,193.70
VRLLOG,26-Oct-2023,681.35
VSSL,26-Oct-2023,206.00
VSTIND,26-Oct-2023,3180.05
VSTTILLERS,26-Oct-2023,3504.00
VTL,26-Oct-2023,349.05
WABAG,26-Oct-2023,458.00
WEALTH,26-Oct-2023,399.00
WEBELSOLAR,26-Oct-2023,163.10
WEIZMANIND,26-Oct-2023,107.15
WELCORP,26-Oct-2023,401.60
WELENT,26-Oct-2023,255.95
WELINV,26-Oct-2023,636.00
WELSPUNIND,26-Oct-2023,131.75
WENDT,26-Oct-2023,12940.05
WESTLIFE,26-Oct-2023,873.95
WHEELS,26-Oct-2023,696.00
WHIRLPOOL,26-Oct-2023,1635.00
WILLAMAGOR,26-Oct-2023,24.00
WINDLAS,26-Oct-2023,325.00
WINSOME,26-Oct-2023,5.85
WIPRO,26-Oct-2023,378.90
WOCKPHARMA,26-Oct-2023,220.20
WONDERLA,26-Oct-2023,826.00
WORTH,26-Oct-2023,104.65
WSTCSTPAPR,26-Oct-2023,710.65
XCHANGING,26-Oct-2023,86.50
XELPMOC,26-Oct-2023,76.40
XPROINDIA,26-Oct-2023,1015.00
YASHO,26-Oct-2023,1715.00
YATHARTH,26-Oct-2023,362.00
YATRA,26-Oct-2023,126.70
YESBANK,26-Oct-2023,15.85
YUKEN,26-Oct-2023,680.00
ZAGGLE,26-Oct-2023,207.70
ZEEL,26-Oct-2023,238.50
ZEEMEDIA,26-Oct-2023,13.25
ZENITHEXPO,26-Oct-2023,105.80
ZENSARTECH,26-Oct-2023,483.00
ZFCVINDIA,26-Oct-2023,15550.00
ZIMLAB,26-Oct-2023,111.50
ZODIAC,26-Oct-2023,154.85
ZODIACLOTH,26-Oct-2023,132.90
ZOMATO,26-Oct-2023,106.35
ZOTA,26-Oct-2023,414.70
ZUARI,26-Oct-2023,142.15
ZUARIIND,26-Oct-2023,140.85
ZYDUSLIFE,26-Oct-2023,574.00
ZYDUSWELL,26-Oct-2023,1522.00
